<?xml version="1.0" encoding="UTF-8"?>
    <builds>
    	
        <build name = "Da_Build.19">
            <version>1.69</version>
            <url>https://github.com/nate714/Da_Build.19/blob/5485259f816e76416ad63009c78d5441884563e6/repo/repository.Da_Build.19/repository.Da_Build.19-1.69.zip?raw=true</url>
            <icon>https://github.com/nate714/images.git</icon>
            <fanart>https://github.com/nate714/images.git</fanart>
            <description>Da_Build.19</description>
        </build>
        
        <build name = "">
            <version>1.0</version>
            <url></url>
            <icon></icon>
            <fanart></fanart>
            <description></description>
        </build>
        
    </builds>
